{
    "vertices":[-4.20218,-2.34879,1.45619,4.99746,-2.34879,1.47613,-4.20218,-2.34879,-1.60273,4.99746,-2.34879,-1.58279],
    "uvs":[],
    "metadata":{
        "normals":1,
        "uvs":0,
        "version":3,
        "type":"Geometry",
        "generator":"io_three",
        "vertices":4,
        "faces":1
    },
    "faces":[33,0,1,3,2,0,0,0,0],
    "normals":[0,-0,-1],
    "name":"Plane.001Geometry"
}